text size (N),Processing Time,Log Time
100000,0.26,-1.9434164716
200000,0.45,-1.1520030934
400000,0.74,-0.4344028241
800000,1.54,0.6229303509
1600000,3.21,1.6825732973
3200000,6.41,2.6803243568
6400000,13.02,3.7026575434
